{"threshold": 0.4492832180320683, "train_f1": 0.8274168340647597}